,Machine,Mid,AUC,pAUC
0,pump,0,0.8546153846153846,0.8233345601766654
1,pump,2,0.6236036036036037,0.6486486486486487
2,pump,4,0.8282,0.578421052631579
3,pump,6,0.8122549019607841,0.6635706914344686
4,pump,Average,0.7796684725449431,0.6784937382228404
